cellId,x_mm,y_mm,z_mm,edep_MeV
0,0,0,0,6.228927e-01
1,1,0,0,7.047535e-01
2,2,0,0,7.593960e-01
3,3,0,0,7.994384e-01
4,4,0,0,6.843658e-01
5,5,0,0,7.469004e-01
6,6,0,0,7.465358e-01
7,7,0,0,6.006312e-01
8,8,0,0,6.733960e-01
9,9,0,0,6.793555e-01
10,10,0,0,6.226866e-01
11,11,0,0,8.986427e-01
12,12,0,0,6.161317e-01
13,13,0,0,7.671074e-01
14,14,0,0,5.900425e-01
15,15,0,0,9.702681e-01
16,16,0,0,7.273169e-01
17,17,0,0,6.359272e-01
18,18,0,0,7.401346e-01
19,19,0,0,6.537464e-01
20,20,0,0,6.846968e-01
21,21,0,0,6.854022e-01
22,22,0,0,8.432171e-01
23,23,0,0,6.490157e-01
24,24,0,0,5.451298e-01
25,25,0,0,5.550221e-01
26,26,0,0,8.212938e-01
27,27,0,0,5.925859e-01
28,28,0,0,5.435442e-01
29,29,0,0,6.365677e-01
30,30,0,0,6.509910e-01
31,31,0,0,8.128232e-01
32,32,0,0,7.898187e-01
33,33,0,0,6.262747e-01
34,34,0,0,7.576953e-01
35,35,0,0,5.707039e-01
36,36,0,0,6.214936e-01
37,37,0,0,6.599597e-01
38,38,0,0,6.168812e-01
39,39,0,0,5.656295e-01
40,40,0,0,6.883851e-01
41,41,0,0,8.407379e-01
42,42,0,0,8.270172e-01
43,43,0,0,5.934338e-01
44,44,0,0,7.189785e-01
45,45,0,0,8.242417e-01
46,46,0,0,5.762254e-01
47,47,0,0,6.389067e-01
48,48,0,0,5.442314e-01
49,49,0,0,5.991418e-01
50,50,0,0,6.295457e-01
51,51,0,0,6.868031e-01
52,52,0,0,5.690630e-01
53,53,0,0,5.683418e-01
54,54,0,0,5.917307e-01
55,55,0,0,6.778184e-01
56,56,0,0,5.726860e-01
57,57,0,0,5.795809e-01
58,58,0,0,6.488889e-01
59,59,0,0,7.042078e-01
60,60,0,0,8.812857e-01
61,61,0,0,6.968068e-01
62,62,0,0,6.883550e-01
63,63,0,0,7.125761e-01
64,64,0,0,6.332165e-01
65,65,0,0,5.925546e-01
66,66,0,0,6.680617e-01
67,67,0,0,7.176103e-01
68,68,0,0,5.843107e-01
69,69,0,0,8.386205e-01
70,70,0,0,7.296017e-01
71,71,0,0,6.126351e-01
72,72,0,0,6.790097e-01
73,73,0,0,6.644086e-01
74,74,0,0,7.177164e-01
75,75,0,0,7.176036e-01
76,76,0,0,7.055278e-01
77,77,0,0,7.505089e-01
78,78,0,0,9.434508e-01
79,79,0,0,6.532583e-01
80,80,0,0,6.918015e-01
81,81,0,0,1.012592e+00
82,82,0,0,6.299063e-01
83,83,0,0,6.747809e-01
84,84,0,0,7.595878e-01
85,85,0,0,6.235885e-01
86,86,0,0,1.030826e+00
87,87,0,0,6.298189e-01
88,88,0,0,7.860562e-01
89,89,0,0,7.634376e-01
90,90,0,0,6.041473e-01
91,91,0,0,6.055948e-01
92,92,0,0,6.090161e-01
93,93,0,0,5.869418e-01
94,94,0,0,6.134386e-01
95,95,0,0,7.417829e-01
96,96,0,0,5.928820e-01
97,97,0,0,6.057471e-01
98,98,0,0,7.092213e-01
99,99,0,0,5.770923e-01
100,100,0,0,7.701879e-01
101,101,0,0,6.774125e-01
102,102,0,0,6.704295e-01
103,103,0,0,6.653142e-01
104,104,0,0,5.941180e-01
105,105,0,0,7.287040e-01
106,106,0,0,8.451122e-01
107,107,0,0,6.140649e-01
108,108,0,0,6.366425e-01
109,109,0,0,6.135907e-01
110,110,0,0,7.476160e-01
111,111,0,0,7.219526e-01
112,112,0,0,8.500329e-01
113,113,0,0,7.219083e-01
114,114,0,0,6.537592e-01
115,115,0,0,6.196918e-01
116,116,0,0,7.163151e-01
117,117,0,0,6.979231e-01
118,118,0,0,6.833582e-01
119,119,0,0,6.563387e-01
120,120,0,0,6.146563e-01
121,121,0,0,6.709587e-01
122,122,0,0,8.198814e-01
123,123,0,0,6.731778e-01
124,124,0,0,7.465824e-01
125,125,0,0,6.218947e-01
126,126,0,0,6.754021e-01
127,127,0,0,9.333751e-01
128,128,0,0,6.478168e-01
129,129,0,0,6.549131e-01
130,130,0,0,7.736787e-01
131,131,0,0,7.491549e-01
132,132,0,0,7.114519e-01
133,133,0,0,5.802923e-01
134,134,0,0,5.554893e-01
135,135,0,0,5.848907e-01
136,136,0,0,7.038680e-01
137,137,0,0,7.396202e-01
138,138,0,0,5.839268e-01
139,139,0,0,5.670126e-01
140,140,0,0,5.724160e-01
141,141,0,0,6.504584e-01
142,142,0,0,6.350554e-01
143,143,0,0,6.337708e-01
144,144,0,0,0.000000e+00
145,145,0,0,6.182993e-01
146,146,0,0,7.956840e-01
147,147,0,0,5.800736e-01
148,148,0,0,6.563368e-01
149,149,0,0,8.317508e-01
150,150,0,0,6.733651e-01
151,151,0,0,7.206188e-01
152,152,0,0,6.902725e-01
153,153,0,0,8.447005e-01
154,154,0,0,6.549602e-01
155,155,0,0,6.753773e-01
156,156,0,0,6.720169e-01
157,157,0,0,8.884980e-01
158,158,0,0,6.681648e-01
159,159,0,0,6.203619e-01
160,160,0,0,6.964644e-01
161,161,0,0,6.380614e-01
162,162,0,0,6.274771e-01
163,163,0,0,6.506437e-01
164,164,0,0,5.950143e-01
165,165,0,0,6.344338e-01
166,166,0,0,6.307095e-01
167,167,0,0,7.644656e-01
168,168,0,0,7.019940e-01
169,169,0,0,6.043531e-01
170,170,0,0,5.852611e-01
171,171,0,0,7.101607e-01
172,172,0,0,6.340449e-01
173,173,0,0,6.065005e-01
174,174,0,0,6.308546e-01
175,175,0,0,6.815866e-01
176,176,0,0,5.882822e-01
177,177,0,0,5.135366e-01
178,178,0,0,5.746215e-01
179,179,0,0,6.114046e-01
180,180,0,0,6.090194e-01
181,181,0,0,6.067653e-01
182,182,0,0,6.882699e-01
183,183,0,0,7.481946e-01
184,184,0,0,7.629056e-01
185,185,0,0,6.231384e-01
186,186,0,0,7.501539e-01
187,187,0,0,6.708827e-01
188,188,0,0,6.187590e-01
189,189,0,0,7.722975e-01
190,190,0,0,7.507817e-01
191,191,0,0,6.515957e-01
192,192,0,0,7.682064e-01
193,193,0,0,6.077958e-01
194,194,0,0,6.964449e-01
195,195,0,0,5.967877e-01
196,196,0,0,6.657867e-01
197,197,0,0,6.440817e-01
198,198,0,0,6.257147e-01
199,199,0,0,8.649567e-01
200,200,0,0,6.183224e-01
201,201,0,0,5.652857e-01
202,202,0,0,7.502696e-01
203,203,0,0,6.990559e-01
204,204,0,0,7.938063e-01
205,205,0,0,5.484553e-01
206,206,0,0,7.185445e-01
207,207,0,0,5.735510e-01
208,208,0,0,6.592164e-01
209,209,0,0,6.640583e-01
210,210,0,0,6.943432e-01
211,211,0,0,6.423167e-01
212,212,0,0,6.215627e-01
213,213,0,0,9.183725e-01
214,214,0,0,6.394889e-01
215,215,0,0,1.046653e+00
216,216,0,0,7.296503e-01
217,217,0,0,1.035243e+00
218,218,0,0,6.353973e-01
219,219,0,0,8.212725e-01
220,220,0,0,8.423944e-01
221,221,0,0,7.937618e-01
222,222,0,0,6.669843e-01
223,223,0,0,6.064178e-01
224,224,0,0,9.540948e-01
225,225,0,0,6.907883e-01
226,226,0,0,5.678257e-01
227,227,0,0,6.807689e-01
228,228,0,0,7.370582e-01
229,229,0,0,8.689322e-01
230,230,0,0,7.017945e-01
231,231,0,0,8.123710e-01
232,232,0,0,6.525533e-01
233,233,0,0,7.379639e-01
234,234,0,0,8.751248e-01
235,235,0,0,6.195748e-01
236,236,0,0,6.471753e-01
237,237,0,0,6.348647e-01
238,238,0,0,6.483082e-01
239,239,0,0,6.635619e-01
240,240,0,0,6.583205e-01
241,241,0,0,5.975336e-01
242,242,0,0,6.058265e-01
243,243,0,0,8.629437e-01
244,244,0,0,7.747607e-01
245,245,0,0,9.263528e-01
246,246,0,0,6.547420e-01
247,247,0,0,6.917430e-01
248,248,0,0,5.949207e-01
249,249,0,0,6.129699e-01
250,250,0,0,6.525236e-01
251,251,0,0,6.684289e-01
252,252,0,0,8.712901e-01
253,253,0,0,7.396746e-01
254,254,0,0,6.698372e-01
255,255,0,0,6.761472e-01
256,256,0,0,6.457458e-01
257,257,0,0,6.098184e-01
258,258,0,0,6.351916e-01
259,259,0,0,6.521468e-01
260,260,0,0,7.550842e-01
261,261,0,0,5.840383e-01
262,262,0,0,6.559213e-01
263,263,0,0,6.911668e-01
264,264,0,0,7.614589e-01
265,265,0,0,6.657289e-01
266,266,0,0,6.397987e-01
267,267,0,0,6.131612e-01
268,268,0,0,5.407933e-01
269,269,0,0,6.411269e-01
270,270,0,0,6.481157e-01
271,271,0,0,7.291555e-01
272,272,0,0,5.772435e-01
273,273,0,0,6.416419e-01
274,274,0,0,5.705125e-01
275,275,0,0,6.174636e-01
276,276,0,0,6.254933e-01
277,277,0,0,6.669972e-01
278,278,0,0,7.195635e-01
279,279,0,0,7.894370e-01
280,280,0,0,7.194028e-01
281,281,0,0,9.061987e-01
282,282,0,0,6.655783e-01
283,283,0,0,8.541481e-01
284,284,0,0,6.732474e-01
285,285,0,0,6.891668e-01
286,286,0,0,9.228308e-01
287,287,0,0,7.405070e-01
288,288,0,0,6.985188e-01
289,289,0,0,7.409439e-01
290,290,0,0,6.471980e-01
291,291,0,0,6.524895e-01
292,292,0,0,5.997140e-01
293,293,0,0,7.416188e-01
294,294,0,0,6.916680e-01
295,295,0,0,7.065961e-01
296,296,0,0,8.248443e-01
297,297,0,0,5.856081e-01
298,298,0,0,5.938290e-01
299,299,0,0,6.677388e-01
300,300,0,0,8.522045e-01
301,301,0,0,6.231026e-01
302,302,0,0,7.494481e-01
303,303,0,0,7.221882e-01
304,304,0,0,7.869056e-01
305,305,0,0,7.003117e-01
306,306,0,0,5.978543e-01
307,307,0,0,7.818875e-01
308,308,0,0,8.126693e-01
309,309,0,0,7.615073e-01
310,310,0,0,6.797637e-01
311,311,0,0,7.024076e-01
312,312,0,0,7.819846e-01
313,313,0,0,7.562885e-01
314,314,0,0,6.461310e-01
315,315,0,0,7.201342e-01
316,316,0,0,6.513692e-01
317,317,0,0,6.659919e-01
318,318,0,0,5.661049e-01
319,319,0,0,6.908694e-01
320,320,0,0,7.229569e-01
321,321,0,0,7.074975e-01
322,322,0,0,7.001684e-01
323,323,0,0,5.575873e-01
324,324,0,0,6.446376e-01
325,325,0,0,7.120069e-01
326,326,0,0,7.957701e-01
327,327,0,0,7.620726e-01
328,328,0,0,5.991511e-01
329,329,0,0,7.663286e-01
330,330,0,0,7.666811e-01
331,331,0,0,6.462112e-01
332,332,0,0,5.929132e-01
333,333,0,0,7.470862e-01
334,334,0,0,6.455014e-01
335,335,0,0,5.870630e-01
336,336,0,0,8.012552e-01
337,337,0,0,7.772720e-01
338,338,0,0,5.823745e-01
339,339,0,0,6.936298e-01
340,340,0,0,8.670861e-01
341,341,0,0,5.770258e-01
342,342,0,0,5.787965e-01
343,343,0,0,5.748785e-01
344,344,0,0,6.334688e-01
345,345,0,0,6.675052e-01
346,346,0,0,6.045380e-01
347,347,0,0,6.986183e-01
348,348,0,0,7.975420e-01
349,349,0,0,7.412296e-01
350,350,0,0,6.062284e-01
351,351,0,0,6.510630e-01
352,352,0,0,6.024175e-01
353,353,0,0,6.119639e-01
354,354,0,0,7.008584e-01
355,355,0,0,5.419520e-01
356,356,0,0,5.907805e-01
357,357,0,0,7.816500e-01
358,358,0,0,6.218466e-01
359,359,0,0,6.520658e-01
360,360,0,0,7.564742e-01
361,361,0,0,7.382037e-01
362,362,0,0,7.153031e-01
363,363,0,0,6.406704e-01
364,364,0,0,8.306642e-01
365,365,0,0,6.515662e-01
366,366,0,0,6.946067e-01
367,367,0,0,6.107987e-01
368,368,0,0,7.321532e-01
369,369,0,0,6.086812e-01
370,370,0,0,6.734111e-01
371,371,0,0,8.875715e-01
372,372,0,0,7.653382e-01
373,373,0,0,6.364275e-01
374,374,0,0,6.142454e-01
375,375,0,0,7.222624e-01
376,376,0,0,5.878963e-01
377,377,0,0,7.815904e-01
378,378,0,0,5.902402e-01
379,379,0,0,5.413111e-01
380,380,0,0,7.139397e-01
381,381,0,0,7.851034e-01
382,382,0,0,5.794009e-01
383,383,0,0,7.586572e-01
384,384,0,0,6.912090e-01
385,385,0,0,6.864205e-01
386,386,0,0,6.255625e-01
387,387,0,0,7.662271e-01
388,388,0,0,8.508945e-01
389,389,0,0,6.409925e-01
390,390,0,0,6.934607e-01
391,391,0,0,6.069199e-01
392,392,0,0,9.332570e-01
393,393,0,0,7.703789e-01
394,394,0,0,7.959376e-01
395,395,0,0,6.003103e-01
396,396,0,0,5.453421e-01
397,397,0,0,5.899805e-01
398,398,0,0,6.017138e-01
399,399,0,0,6.286333e-01
400,400,0,0,6.858547e-01
401,401,0,0,7.874259e-01
402,402,0,0,7.920682e-01
403,403,0,0,8.846528e-01
404,404,0,0,7.660296e-01
405,405,0,0,7.158797e-01
406,406,0,0,5.990839e-01
407,407,0,0,5.876221e-01
408,408,0,0,5.817476e-01
409,409,0,0,6.965859e-01
410,410,0,0,6.447881e-01
411,411,0,0,9.486813e-01
412,412,0,0,5.623701e-01
413,413,0,0,5.837263e-01
414,414,0,0,6.852315e-01
415,415,0,0,5.872236e-01
416,416,0,0,6.243963e-01
417,417,0,0,7.520472e-01
418,418,0,0,6.412779e-01
419,419,0,0,6.425132e-01
420,420,0,0,7.761164e-01
421,421,0,0,8.440770e-01
422,422,0,0,5.932787e-01
423,423,0,0,5.669587e-01
424,424,0,0,6.612230e-01
425,425,0,0,8.416804e-01
426,426,0,0,6.052041e-01
427,427,0,0,8.696692e-01
428,428,0,0,9.346827e-01
429,429,0,0,8.614158e-01
430,430,0,0,6.658513e-01
431,431,0,0,6.405102e-01
432,432,0,0,8.483466e-01
433,433,0,0,6.152436e-01
434,434,0,0,6.170880e-01
435,435,0,0,6.822970e-01
436,436,0,0,7.523668e-01
437,437,0,0,6.666511e-01
438,438,0,0,7.338915e-01
439,439,0,0,7.156905e-01
440,440,0,0,8.799420e-01
441,441,0,0,8.179361e-01
442,442,0,0,7.684845e-01
443,443,0,0,7.028868e-01
444,444,0,0,6.059482e-01
445,445,0,0,7.235543e-01
446,446,0,0,8.769867e-01
447,447,0,0,6.074262e-01
448,448,0,0,6.503925e-01
449,449,0,0,6.091327e-01
450,450,0,0,6.183297e-01
451,451,0,0,6.791404e-01
452,452,0,0,6.301146e-01
453,453,0,0,7.446466e-01
454,454,0,0,5.583455e-01
455,455,0,0,7.357969e-01
456,456,0,0,7.108354e-01
457,457,0,0,6.661128e-01
458,458,0,0,5.766684e-01
459,459,0,0,7.636137e-01
460,460,0,0,8.366021e-01
461,461,0,0,5.998576e-01
462,462,0,0,7.613956e-01
463,463,0,0,5.999620e-01
464,464,0,0,6.639993e-01
465,465,0,0,7.780270e-01
466,466,0,0,6.857376e-01
467,467,0,0,6.216449e-01
468,468,0,0,6.919087e-01
469,469,0,0,5.491007e-01
470,470,0,0,6.102152e-01
471,471,0,0,6.452435e-01
472,472,0,0,6.593272e-01
473,473,0,0,7.040299e-01
474,474,0,0,5.990120e-01
475,475,0,0,6.060758e-01
476,476,0,0,6.604188e-01
477,477,0,0,6.617247e-01
478,478,0,0,6.332247e-01
479,479,0,0,6.959191e-01
480,480,0,0,6.424826e-01
481,481,0,0,7.128855e-01
482,482,0,0,6.557037e-01
483,483,0,0,7.967186e-01
484,484,0,0,8.647895e-01
485,485,0,0,6.634185e-01
486,486,0,0,6.055051e-01
487,487,0,0,5.996851e-01
488,488,0,0,7.017108e-01
489,489,0,0,7.112162e-01
490,490,0,0,6.858771e-01
491,491,0,0,7.076928e-01
492,492,0,0,6.559187e-01
493,493,0,0,6.663491e-01
494,494,0,0,6.986287e-01
495,495,0,0,7.111529e-01
496,496,0,0,6.834864e-01
497,497,0,0,8.786421e-01
498,498,0,0,8.871986e-01
499,499,0,0,8.327565e-01
500,500,0,0,9.559063e-01
501,501,0,0,6.311998e-01
502,502,0,0,7.187424e-01
503,503,0,0,7.716452e-01
504,504,0,0,6.895776e-01
505,505,0,0,6.090025e-01
506,506,0,0,7.890841e-01
507,507,0,0,8.888537e-01
508,508,0,0,7.643392e-01
509,509,0,0,7.822080e-01
510,510,0,0,6.872259e-01
511,511,0,0,7.441252e-01
512,512,0,0,6.138472e-01
513,513,0,0,6.301452e-01
514,514,0,0,4.024289e+00
515,515,0,0,6.945858e-01
516,516,0,0,8.563137e-01
517,517,0,0,8.009294e-01
518,518,0,0,5.520635e-01
519,519,0,0,5.416980e-01
520,520,0,0,5.295128e-01
521,521,0,0,5.801582e-01
522,522,0,0,5.754632e-01
523,523,0,0,5.847326e-01
524,524,0,0,7.110739e-01
525,525,0,0,6.105860e-01
526,526,0,0,5.905104e-01
527,527,0,0,6.230321e-01
528,528,0,0,7.894179e-01
529,529,0,0,6.043597e-01
530,530,0,0,7.454445e-01
531,531,0,0,5.553969e-01
532,532,0,0,5.688820e-01
533,533,0,0,7.544999e-01
534,534,0,0,6.642246e-01
535,535,0,0,5.742595e-01
536,536,0,0,6.573488e-01
537,537,0,0,8.307005e-01
538,538,0,0,5.592195e-01
539,539,0,0,7.064902e-01
540,540,0,0,6.330441e-01
541,541,0,0,7.049464e-01
542,542,0,0,7.009008e-01
543,543,0,0,5.896569e-01
544,544,0,0,7.183076e-01
545,545,0,0,6.753563e-01
546,546,0,0,7.686444e-01
547,547,0,0,7.742069e-01
548,548,0,0,5.962921e-01
549,549,0,0,5.429902e-01
550,550,0,0,6.101053e-01
551,551,0,0,6.871918e-01
552,552,0,0,7.043439e-01
553,553,0,0,6.308642e-01
554,554,0,0,6.280425e-01
555,555,0,0,6.565005e-01
556,556,0,0,8.951258e-01
557,557,0,0,6.626407e-01
558,558,0,0,6.510428e-01
559,559,0,0,6.487179e-01
560,560,0,0,6.003711e-01
561,561,0,0,5.971959e-01
562,562,0,0,7.632325e-01
563,563,0,0,6.988671e-01
564,564,0,0,6.308964e-01
565,565,0,0,6.516155e-01
566,566,0,0,6.116518e-01
567,567,0,0,5.987403e-01
568,568,0,0,6.131758e-01
569,569,0,0,8.945867e-01
570,570,0,0,6.011364e-01
571,571,0,0,6.172979e-01
572,572,0,0,6.910429e-01
573,573,0,0,5.661068e-01
574,574,0,0,5.872168e-01
575,575,0,0,6.765379e-01
576,576,0,0,6.756772e-01
577,577,0,0,5.890949e-01
578,578,0,0,6.236447e-01
579,579,0,0,5.711076e-01
580,580,0,0,5.741144e-01
581,581,0,0,6.793424e-01
582,582,0,0,7.027016e-01
583,583,0,0,7.185390e-01
584,584,0,0,7.442555e-01
585,585,0,0,6.080925e-01
586,586,0,0,8.318672e-01
587,587,0,0,6.877386e-01
588,588,0,0,6.098107e-01
589,589,0,0,6.871734e-01
590,590,0,0,6.200297e-01
591,591,0,0,9.950269e-01
592,592,0,0,6.672835e-01
593,593,0,0,6.343377e-01
594,594,0,0,6.109470e-01
595,595,0,0,9.180484e-01
596,596,0,0,6.913755e-01
597,597,0,0,5.771103e-01
598,598,0,0,5.606423e-01
599,599,0,0,7.998055e-01
600,600,0,0,6.227719e-01
601,601,0,0,6.111074e-01
602,602,0,0,5.464915e-01
603,603,0,0,5.899066e-01
604,604,0,0,6.375649e-01
605,605,0,0,6.909459e-01
606,606,0,0,7.155483e-01
607,607,0,0,7.107334e-01
608,608,0,0,6.187135e-01
609,609,0,0,8.321536e-01
610,610,0,0,7.346714e-01
611,611,0,0,5.804742e-01
612,612,0,0,6.789343e-01
613,613,0,0,6.186699e-01
614,614,0,0,6.171876e-01
615,615,0,0,6.238012e-01
616,616,0,0,6.983609e-01
617,617,0,0,7.233047e-01
618,618,0,0,8.778601e-01
619,619,0,0,7.584380e-01
620,620,0,0,7.574260e-01
621,621,0,0,6.677718e-01
622,622,0,0,1.109286e+00
623,623,0,0,6.439889e-01
624,624,0,0,6.097690e-01
625,625,0,0,6.931106e-01
626,626,0,0,6.546025e-01
627,627,0,0,5.856254e-01
628,628,0,0,6.117019e-01
629,629,0,0,6.885332e-01
630,630,0,0,5.563914e-01
631,631,0,0,5.445443e-01
632,632,0,0,6.091602e-01
633,633,0,0,6.484726e-01
634,634,0,0,7.758869e-01
635,635,0,0,6.255059e-01
636,636,0,0,7.373039e-01
637,637,0,0,6.470696e-01
638,638,0,0,6.745412e-01
639,639,0,0,6.571916e-01
640,640,0,0,8.027681e-01
641,641,0,0,6.252443e-01
642,642,0,0,6.754786e-01
643,643,0,0,6.810587e-01
644,644,0,0,7.096362e-01
645,645,0,0,5.826401e-01
646,646,0,0,5.502359e-01
647,647,0,0,6.343383e-01
648,648,0,0,7.264685e-01
649,649,0,0,5.654906e-01
650,650,0,0,9.014695e-01
651,651,0,0,5.897340e-01
652,652,0,0,8.619800e-01
653,653,0,0,7.628026e-01
654,654,0,0,6.449944e-01
655,655,0,0,6.761977e-01
656,656,0,0,5.519791e-01
657,657,0,0,6.753354e-01
658,658,0,0,6.844463e-01
659,659,0,0,7.923497e-01
660,660,0,0,6.423280e-01
661,661,0,0,8.051737e-01
662,662,0,0,6.215028e-01
663,663,0,0,6.715217e-01
664,664,0,0,8.111176e-01
665,665,0,0,7.688707e-01
666,666,0,0,7.027253e-01
667,667,0,0,5.863873e-01
668,668,0,0,7.087137e-01
669,669,0,0,7.232155e-01
670,670,0,0,8.248098e-01
671,671,0,0,6.380514e-01
672,672,0,0,6.967033e-01
673,673,0,0,6.402338e-01
674,674,0,0,6.370975e-01
675,675,0,0,8.528629e-01
676,676,0,0,6.400835e-01
677,677,0,0,7.722064e-01
678,678,0,0,7.205002e-01
679,679,0,0,6.667349e-01
680,680,0,0,8.310055e-01
681,681,0,0,6.297784e-01
682,682,0,0,6.432583e-01
683,683,0,0,6.997195e-01
684,684,0,0,6.856447e-01
685,685,0,0,6.590616e-01
686,686,0,0,6.957448e-01
687,687,0,0,6.219973e-01
688,688,0,0,6.958721e-01
689,689,0,0,7.475240e-01
690,690,0,0,9.849289e-01
691,691,0,0,6.199820e-01
692,692,0,0,8.584951e-01
693,693,0,0,5.860911e-01
694,694,0,0,7.075833e-01
695,695,0,0,5.363949e-01
696,696,0,0,6.326954e-01
697,697,0,0,6.525204e-01
698,698,0,0,5.889871e-01
699,699,0,0,6.096677e-01
700,700,0,0,7.457752e-01
701,701,0,0,7.861470e-01
702,702,0,0,6.673578e-01
703,703,0,0,8.473564e-01
704,704,0,0,6.648969e-01
705,705,0,0,8.000919e-01
706,706,0,0,6.884085e-01
707,707,0,0,6.599596e-01
708,708,0,0,6.647818e-01
709,709,0,0,6.996932e-01
710,710,0,0,8.029012e-01
711,711,0,0,6.677230e-01
712,712,0,0,6.403540e-01
713,713,0,0,8.332300e-01
714,714,0,0,6.746142e-01
715,715,0,0,7.213619e-01
716,716,0,0,6.111650e-01
717,717,0,0,7.234854e-01
718,718,0,0,7.951448e-01
719,719,0,0,8.397511e-01
720,720,0,0,8.418041e-01
721,721,0,0,5.739029e-01
722,722,0,0,7.155504e-01
723,723,0,0,5.842298e-01
724,724,0,0,6.753613e-01
725,725,0,0,6.620929e-01
726,726,0,0,7.928357e-01
727,727,0,0,8.750219e-01
728,728,0,0,6.328286e-01
729,729,0,0,8.037282e-01
730,730,0,0,6.793220e-01
731,731,0,0,6.224352e-01
732,732,0,0,6.421728e-01
733,733,0,0,8.428001e-01
734,734,0,0,6.207569e-01
735,735,0,0,5.805231e-01
736,736,0,0,7.249203e-01
737,737,0,0,6.294452e-01
738,738,0,0,5.584368e-01
739,739,0,0,6.104400e-01
740,740,0,0,5.575823e-01
741,741,0,0,6.156770e-01
742,742,0,0,5.648236e-01
743,743,0,0,5.609473e-01
744,744,0,0,5.867430e-01
745,745,0,0,7.913233e-01
746,746,0,0,6.696977e-01
747,747,0,0,6.865149e-01
748,748,0,0,6.793704e-01
749,749,0,0,8.664114e-01
750,750,0,0,6.145480e-01
751,751,0,0,7.135845e-01
752,752,0,0,9.547583e-01
753,753,0,0,6.978950e-01
754,754,0,0,8.921302e-01
755,755,0,0,6.628315e-01
756,756,0,0,8.583961e-01
757,757,0,0,5.955477e-01
758,758,0,0,6.765658e-01
759,759,0,0,6.646970e-01
760,760,0,0,9.576807e-01
761,761,0,0,7.130830e-01
762,762,0,0,6.664987e-01
763,763,0,0,8.388207e-01
764,764,0,0,7.797757e-01
765,765,0,0,7.122490e-01
766,766,0,0,6.273097e-01
767,767,0,0,6.851580e-01
768,768,0,0,5.777153e-01
769,769,0,0,6.480886e-01
770,770,0,0,6.582141e-01
771,771,0,0,6.499024e-01
772,772,0,0,5.923395e-01
773,773,0,0,6.498130e-01
774,774,0,0,6.140027e-01
775,775,0,0,6.818755e-01
776,776,0,0,7.353292e-01
777,777,0,0,6.614591e-01
778,778,0,0,5.644253e-01
779,779,0,0,6.036712e-01
780,780,0,0,7.729986e-01
781,781,0,0,7.174627e-01
782,782,0,0,7.120119e-01
783,783,0,0,7.226758e-01
784,784,0,0,6.126776e-01
785,785,0,0,6.658919e-01
786,786,0,0,6.353067e-01
787,787,0,0,7.089693e-01
788,788,0,0,7.043327e-01
789,789,0,0,6.390408e-01
790,790,0,0,6.285775e-01
791,791,0,0,6.005385e-01
792,792,0,0,1.000765e+00
793,793,0,0,7.048654e-01
794,794,0,0,6.996740e-01
795,795,0,0,5.979977e-01
796,796,0,0,7.302789e-01
797,797,0,0,6.832461e-01
798,798,0,0,6.003567e-01
799,799,0,0,6.043081e-01
800,800,0,0,5.998220e-01
801,801,0,0,6.849962e-01
802,802,0,0,6.324022e-01
803,803,0,0,7.115855e-01
804,804,0,0,6.932826e-01
805,805,0,0,5.799260e-01
806,806,0,0,8.941920e-01
807,807,0,0,6.859578e-01
808,808,0,0,7.366851e-01
809,809,0,0,6.057772e-01
810,810,0,0,9.219046e-01
811,811,0,0,6.464831e-01
812,812,0,0,6.359324e-01
813,813,0,0,7.086146e-01
814,814,0,0,6.424274e-01
815,815,0,0,6.352747e-01
816,816,0,0,6.634534e-01
817,817,0,0,5.441898e-01
818,818,0,0,8.506880e-01
819,819,0,0,6.217386e-01
820,820,0,0,5.878973e-01
821,821,0,0,6.090184e-01
822,822,0,0,7.130614e-01
823,823,0,0,6.710580e-01
824,824,0,0,6.529587e-01
825,825,0,0,9.498675e-01
826,826,0,0,7.202049e-01
827,827,0,0,5.922626e-01
828,828,0,0,6.771119e-01
829,829,0,0,7.439931e-01
830,830,0,0,6.952952e-01
831,831,0,0,8.619330e-01
832,832,0,0,6.142713e-01
833,833,0,0,7.520072e-01
834,834,0,0,7.736850e-01
835,835,0,0,7.094816e-01
836,836,0,0,6.797542e-01
837,837,0,0,6.079941e-01
838,838,0,0,6.309252e-01
839,839,0,0,6.476642e-01
840,840,0,0,8.422940e-01
841,841,0,0,6.304405e-01
842,842,0,0,5.605870e-01
843,843,0,0,6.293905e-01
844,844,0,0,7.523635e-01
845,845,0,0,7.237251e-01
846,846,0,0,7.033398e-01
847,847,0,0,6.740798e-01
848,848,0,0,8.016715e-01
849,849,0,0,6.218572e-01
850,850,0,0,5.849844e-01
851,851,0,0,6.504588e-01
852,852,0,0,7.695188e-01
853,853,0,0,7.882046e-01
854,854,0,0,6.519067e-01
855,855,0,0,7.172290e-01
856,856,0,0,8.187547e-01
857,857,0,0,7.014620e-01
858,858,0,0,6.960621e-01
859,859,0,0,5.745371e-01
860,860,0,0,6.276607e-01
861,861,0,0,6.038823e-01
862,862,0,0,7.296990e-01
863,863,0,0,6.963053e-01
864,864,0,0,5.580946e-01
865,865,0,0,6.414723e-01
866,866,0,0,6.152986e-01
867,867,0,0,7.249858e-01
868,868,0,0,6.098487e-01
869,869,0,0,6.427562e-01
870,870,0,0,6.472191e-01
871,871,0,0,6.388621e-01
872,872,0,0,7.410835e-01
873,873,0,0,6.712539e-01
874,874,0,0,7.315039e-01
875,875,0,0,6.449855e-01
876,876,0,0,6.593592e-01
877,877,0,0,6.460493e-01
878,878,0,0,6.212715e-01
879,879,0,0,6.847211e-01
880,880,0,0,9.225540e-01
881,881,0,0,6.749384e-01
882,882,0,0,6.492296e-01
883,883,0,0,7.423997e-01
884,884,0,0,5.830079e-01
885,885,0,0,6.015148e-01
886,886,0,0,7.018499e-01
887,887,0,0,6.981845e-01
888,888,0,0,5.999354e-01
889,889,0,0,8.565472e-01
890,890,0,0,7.782127e-01
891,891,0,0,8.134162e-01
892,892,0,0,6.812191e-01
893,893,0,0,6.718084e-01
894,894,0,0,6.952692e-01
895,895,0,0,5.885190e-01
896,896,0,0,6.365337e-01
897,897,0,0,7.892870e-01
898,898,0,0,7.630571e-01
899,899,0,0,6.507648e-01
900,900,0,0,8.417534e-01
901,901,0,0,7.553590e-01
902,902,0,0,6.192896e-01
903,903,0,0,6.803782e-01
904,904,0,0,5.852477e-01
905,905,0,0,6.680170e-01
906,906,0,0,6.930613e-01
907,907,0,0,5.793309e-01
908,908,0,0,6.432311e-01
909,909,0,0,9.350556e-01
910,910,0,0,6.768350e-01
911,911,0,0,7.821408e-01
912,912,0,0,9.710449e-01
913,913,0,0,8.018863e-01
914,914,0,0,7.954133e-01
915,915,0,0,6.789749e-01
916,916,0,0,6.686022e-01
917,917,0,0,8.631980e-01
918,918,0,0,6.959319e-01
919,919,0,0,7.999590e-01
920,920,0,0,6.011752e-01
921,921,0,0,8.337281e-01
922,922,0,0,6.756087e-01
923,923,0,0,6.900245e-01
924,924,0,0,8.404358e-01
925,925,0,0,6.119055e-01
926,926,0,0,1.132825e+01
927,927,0,0,6.680358e-01
928,928,0,0,6.323614e-01
929,929,0,0,6.450062e-01
930,930,0,0,7.238265e-01
931,931,0,0,7.109947e-01
932,932,0,0,8.585008e-01
933,933,0,0,7.834017e-01
934,934,0,0,6.101541e-01
935,935,0,0,6.604336e-01
936,936,0,0,6.967728e-01
937,937,0,0,8.112125e-01
938,938,0,0,6.091018e-01
939,939,0,0,7.225035e-01
940,940,0,0,6.063563e-01
941,941,0,0,8.418275e-01
942,942,0,0,7.318681e-01
943,943,0,0,7.481398e-01
944,944,0,0,7.530550e-01
945,945,0,0,6.331442e-01
946,946,0,0,7.197324e-01
947,947,0,0,9.905315e-01
948,948,0,0,6.825934e-01
949,949,0,0,6.167599e-01
950,950,0,0,6.240812e-01
951,951,0,0,6.685079e-01
952,952,0,0,6.216140e-01
953,953,0,0,7.088761e-01
954,954,0,0,5.796194e-01
955,955,0,0,6.407716e-01
956,956,0,0,6.286636e-01
957,957,0,0,5.725160e-01
958,958,0,0,8.202386e-01
959,959,0,0,5.723994e-01
960,960,0,0,7.418918e-01
961,961,0,0,8.116976e-01
962,962,0,0,6.307058e-01
963,963,0,0,5.764524e-01
964,964,0,0,5.751456e-01
965,965,0,0,6.100358e-01
966,966,0,0,6.700181e-01
967,967,0,0,6.798006e-01
968,968,0,0,7.648403e-01
969,969,0,0,8.178084e-01
970,970,0,0,6.525851e-01
971,971,0,0,6.905426e-01
972,972,0,0,6.848178e-01
973,973,0,0,8.745744e-01
974,974,0,0,6.226847e-01
975,975,0,0,6.413889e-01
976,976,0,0,7.047853e-01
977,977,0,0,5.797641e-01
978,978,0,0,6.241762e-01
979,979,0,0,7.801991e-01
980,980,0,0,6.410775e-01
981,981,0,0,6.601169e-01
982,982,0,0,6.818123e-01
983,983,0,0,6.579163e-01
984,984,0,0,8.225242e-01
985,985,0,0,5.560527e-01
986,986,0,0,8.079279e-01
987,987,0,0,7.120016e-01
988,988,0,0,7.023367e-01
989,989,0,0,7.756304e-01
990,990,0,0,6.209202e-01
991,991,0,0,6.813906e-01
992,992,0,0,7.675941e-01
993,993,0,0,6.543795e-01
994,994,0,0,8.601289e-01
995,995,0,0,5.765453e-01
996,996,0,0,8.195121e-01
997,997,0,0,7.548991e-01
998,998,0,0,7.418051e-01
999,999,0,0,8.153219e-01
